ID,Type,SKU,Name,Published,Is featured?,Visibility in catalog,Short description,Description,Tax status,In stock?,Stock,Sale price,Regular price,Categories,Tags,Weight (kg),Images,Parent,Attribute 1 name,Attribute 1 value(s),Attribute 1 visible,Attribute 1 global,Attribute 1 default,Position
,simple,FK-BEV-001,Mango Chilli Fizz,1,1,visible,A sparkling prebiotic soda with ripe Alphonso mango and a cheeky chilli kick. Only 25 calories per can.,"<p>Sweet, tangy and a little spicy. Mango Chilli Fizz is our bestselling soda, made with real fruit juice and prebiotic fibre for a happy gut.</p><h3>Ingredients</h3><p>Carbonated water, mango pulp (12%), apple cider vinegar, prebiotic fibre (inulin), green chilli extract, stevia, lemon juice.</p><h3>How to enjoy</h3><p>Serve chilled over ice with a slice of lime.</p><ul><li>No artificial colours or preservatives</li><li>Made in small batches</li><li>Ships within 24 hours</li></ul>",taxable,1,100,60,75,Beverages,"soda, prebiotic, low sugar",0.33,,,,,,,,0
,simple,FK-BEV-002,Lemon Ginger Soda,1,0,visible,Zesty lemon and fiery ginger in a gut-friendly fizzy soda.,"<p>A refreshing classic with a modern twist: cold-pressed ginger and Himalayan lemon, lightly sparkling.</p><h3>Ingredients</h3><p>Carbonated water, lemon juice (8%), ginger juice (4%), prebiotic fibre, rock salt, stevia.</p><h3>How to enjoy</h3><p>Perfect after a meal or as a mocktail base.</p><ul><li>No artificial colours or preservatives</li><li>Made in small batches</li><li>Ships within 24 hours</li></ul>",taxable,1,100,,60,Beverages,"soda, prebiotic, ginger",0.33,,,,,,,,0
,simple,FK-BEV-003,Berry Kombucha,1,1,visible,Small-batch raw kombucha brewed with strawberries and blueberries.,"<p>Naturally fermented for 14 days and loaded with live cultures. Fruity, slightly tart and lightly fizzy.</p><h3>Ingredients</h3><p>Filtered water, black tea, raw cane sugar (consumed during fermentation), strawberry, blueberry, SCOBY cultures.</p><h3>How to enjoy</h3><p>Keep refrigerated. Shake gently and enjoy within 2 days of opening.</p><ul><li>No artificial colours or preservatives</li><li>Made in small batches</li><li>Ships within 24 hours</li></ul>",taxable,1,100,,120,Beverages,"kombucha, probiotic, vegan",0.35,,,,,,,,0
,simple,FK-SNK-001,Peri Peri Makhana,1,1,visible,"Crunchy roasted fox nuts tossed in smoky peri peri. High protein, never fried.","<p>Our most addictive snack. Popped lotus seeds slow-roasted in a little cold-pressed oil and dusted with African bird's eye chilli seasoning.</p><h3>Ingredients</h3><p>Fox nuts (makhana) 88%, rice bran oil, peri peri seasoning (chilli, garlic, onion, paprika, salt, lemon powder).</p><h3>How to enjoy</h3><p>Straight from the pack, or toss into a salad for crunch.</p><ul><li>No artificial colours or preservatives</li><li>Made in small batches</li><li>Ships within 24 hours</li></ul>",taxable,1,100,,149,Snacks,"makhana, high protein, roasted",0.08,,,,,,,,0
,simple,FK-SNK-002,Cheesy Pasta Cup,1,0,visible,"Ready in 3 minutes: whole-wheat pasta in a creamy, cheesy sauce.","<p>Comfort food, minus the guilt. Durum whole-wheat pasta with a real-cheese sauce and Italian herbs.</p><h3>Ingredients</h3><p>Whole-wheat pasta (70%), cheese powder (cheddar, parmesan), milk solids, herbs, garlic, black pepper, salt.</p><h3>How to enjoy</h3><p>Add hot water to the fill line, stir, wait 3 minutes, stir again and enjoy.</p><ul><li>No artificial colours or preservatives</li><li>Made in small batches</li><li>Ships within 24 hours</li></ul>",taxable,1,100,,99,Snacks,"pasta, instant, vegetarian",0.07,,,,,,,,0
,simple,FK-SNK-003,Masala Ragi Chips,1,0,visible,Baked finger-millet chips with a desi masala crunch.,"<p>Baked, not fried. Our ragi chips pack the goodness of millets with the taste of your favourite street-side masala.</p><h3>Ingredients</h3><p>Ragi flour (60%), rice flour, chickpea flour, olive oil, chaat masala, red chilli, salt.</p><h3>How to enjoy</h3><p>Pair with a cup of chai or your favourite dip.</p><ul><li>No artificial colours or preservatives</li><li>Made in small batches</li><li>Ships within 24 hours</li></ul>",taxable,1,100,89,99,Snacks,"millets, baked, gluten free",0.06,,,,,,,,0
,simple,FK-SPC-001,Classic Garam Masala,1,1,visible,"Hand-pounded, small-batch garam masala from 12 whole spices.","<p>Roasted and stone-ground in small batches to keep the oils and aroma locked in. The secret ingredient in every great curry.</p><h3>Ingredients</h3><p>Coriander, cumin, black pepper, green cardamom, black cardamom, cinnamon, clove, bay leaf, nutmeg, mace, star anise, fennel.</p><h3>How to enjoy</h3><p>Add a pinch at the end of cooking for maximum aroma.</p><ul><li>No artificial colours or preservatives</li><li>Made in small batches</li><li>Ships within 24 hours</li></ul>",taxable,1,100,199,249,Spices,"masala, whole spices, no fillers",0.1,,,,,,,,0
,simple,FK-SPC-002,Kashmiri Chilli Powder,1,0,visible,"Bright red colour with gentle heat, sourced directly from Kashmir farms.","<p>Sun-dried Kashmiri chillies, de-seeded and finely ground for that rich restaurant-style colour without overpowering heat.</p><h3>Ingredients</h3><p>100% Kashmiri red chilli.</p><h3>How to enjoy</h3><p>Use in tandoori marinades, curries and tadka.</p><ul><li>No artificial colours or preservatives</li><li>Made in small batches</li><li>Ships within 24 hours</li></ul>",taxable,1,100,,149,Spices,"chilli, single origin",0.1,,,,,,,,0
,simple,FK-SPC-003,Lakadong Turmeric,1,0,visible,High-curcumin turmeric (7–9%) from the hills of Meghalaya.,"<p>Lakadong turmeric has up to 3× the curcumin of regular turmeric. Earthy, vibrant and wonderfully golden.</p><h3>Ingredients</h3><p>100% Lakadong turmeric.</p><h3>How to enjoy</h3><p>Add to dals, curries or a warm glass of haldi doodh.</p><ul><li>No artificial colours or preservatives</li><li>Made in small batches</li><li>Ships within 24 hours</li></ul>",taxable,1,100,,179,Spices,"turmeric, single origin, immunity",0.1,,,,,,,,0
,simple,FK-BRK-001,Choco Protein Granola,1,1,visible,"Crunchy oat granola with dark cocoa, nuts and 12g protein per serve.","<p>Slow-baked rolled oats with almonds, pumpkin seeds and 70% dark cocoa. Sweetened only with jaggery and dates.</p><h3>Ingredients</h3><p>Rolled oats, almonds, whey protein, pumpkin seeds, jaggery, dates, cocoa (8%), coconut oil, sea salt.</p><h3>How to enjoy</h3><p>Enjoy with milk, yoghurt or straight from the box.</p><ul><li>No artificial colours or preservatives</li><li>Made in small batches</li><li>Ships within 24 hours</li></ul>",taxable,1,100,349,399,Breakfast,"granola, high protein, no refined sugar",0.4,,,,,,,,0
,simple,FK-BRK-002,Peanut Butter Muesli,1,0,visible,No-added-sugar muesli with roasted peanut butter clusters.,"<p>Hearty multigrain muesli with crunchy peanut-butter clusters for long-lasting energy.</p><h3>Ingredients</h3><p>Rolled oats, wheat flakes, peanut butter clusters (peanuts, dates), raisins, flax seeds, cinnamon.</p><h3>How to enjoy</h3><p>Soak in milk for 2 minutes or add to a smoothie bowl.</p><ul><li>No artificial colours or preservatives</li><li>Made in small batches</li><li>Ships within 24 hours</li></ul>",taxable,1,100,,299,Breakfast,"muesli, no added sugar",0.4,,,,,,,,0
,variable,FK-CMB-001,Party Snack Combo,1,1,visible,"Our five bestsellers in one box. Perfect for movie nights, gifting and parties.","<p>Can't decide? Get them all. Includes Peri Peri Makhana, Masala Ragi Chips, Cheesy Pasta Cup, Mango Chilli Fizz and Lemon Ginger Soda.</p><h3>Ingredients</h3><p>See individual products for ingredients.</p><h3>How to enjoy</h3><p>Share with friends — or don't, we won't judge.</p><ul><li>No artificial colours or preservatives</li><li>Made in small batches</li><li>Ships within 24 hours</li></ul>",taxable,1,,,,Combos,"combo, gifting, bestseller",,,,Pack size,"Pack of 5, Pack of 10",1,1,Pack of 5,
,variation,FK-CMB-001-1,Party Snack Combo - Pack of 5,1,,,,,taxable,1,50,499,649,,,1.0,,FK-CMB-001,Pack size,Pack of 5,,1,,1
,variation,FK-CMB-001-2,Party Snack Combo - Pack of 10,1,,,,,taxable,1,50,899,1299,,,2.0,,FK-CMB-001,Pack size,Pack of 10,,1,,2
,simple,FK-CMB-002,Spice Box Starter Kit,1,0,visible,Our three essential spices in a reusable gift tin.,"<p>Everything you need to cook like a pro: Classic Garam Masala, Kashmiri Chilli Powder and Lakadong Turmeric.</p><h3>Ingredients</h3><p>See individual products for ingredients.</p><h3>How to enjoy</h3><p>Makes a perfect housewarming gift.</p><ul><li>No artificial colours or preservatives</li><li>Made in small batches</li><li>Ships within 24 hours</li></ul>",taxable,1,100,449,527,Combos > Gift boxes,"gifting, spices, combo",0.35,,,,,,,,0
